Aatrox*,aatrox
Ahri*,ahri
Akali*,akali
Alistar*,alistar
Amumu*,amumu
Anivia*,anivia
Annie*,annie
Ashe*,ashe
Azir*,azir
Blitzcrank*,blitzcrank
Brand*,brand
Braum*,braum
Caitlyn*,caitlyn
Cassiopeia*,cassiopeia
Chogath*,chogath
Corki*,corki
Corky*,corky
Darius*,darius
Diana*,diana
Draven*,draven
DrMundo*,drmundo
Elise*,elise
Evelynn*,evelynn
Ezreal*,ezreal
Fiddlesticks*,fiddlesticks
Fiora*,fiora
Fizz*,fizz
Galio*,galio
Gangplank*,gangplank
Garen*,garen
Gnar*,gnar
Gragas*,gragas
Graves*,graves
Hecarim*,hecarim
Heimerdinger*,heimerdinger
Irelia*,irelia
Janna*,janna
JarvanIV*,jarvaniv
Jax*,jax
Jayce*,jayce
Jinx*,jinx
kalista*,kalista
Karma*,karma
Karthus*,karthus
Kassadin*,kassadin
Katarina*,katarina
Kayle*,kayle
Kennen*,kennen
Khazix*,khazix
KogMaw*,kogmaw
Leblanc*,leblanc
LeeSin*,leesin
Leona*,leona
Lissandra*,lissandra
Lucian*,lucian
Lulu*,lulu
Lux*,lux
Malphite*,malphite
Malzahar*,malzahar
Maokai*,maokai
MasterYi*,masteryi
MissFortune*,missfortune
Mordekaiser*,mordekaiser
Morgana*,morgana
Nami*,nami
Nasus*,nasus
Nautilus*,nautilus
Nidalee*,nidalee
Nocturne*,nocturne
Nunu*,nunu
Olaf*,olaf
Orianna*,orianna
Pantheon*,pantheon
Poppy*,poppy
Quinn*,quinn
Rammus*,rammus
Random_0,random
Renekton*,renekton
Rengar*,rengar
Riven*,riven
Rumble*,rumble
Ryze*,ryze
Sejuani*,sejuani
Shaco*,shaco
Shen_Web_0,shen-web
Shen*,shen
Shyvana*,shyvana
Singed*,singed
Sion*,sion
Sivir*,sivir
Skarner*,skarner
Sona*,sona
Soraka*,soraka
Swain*,swain
Syndra*,syndra
Talon*,talon
Taric*,taric
Teemo*,teemo
Thresh*,thresh
Tristana*,tristana
Trundle*,trundle
Tryndamere*,tryndamere
TwistedFate*,twistedfate
Twitch*,twitch
Udyr*,udyr
Urgot*,urgot
Varus*,varus
Vayne*,vayne
Veigar*,veigar
VelKoz*,velkoz
Vi_0,vi
Vi_S*,vi
Viktor*,viktor
Vladimir_0,vladimir
Vladimir_S*,vladimir
Vladimir_W*,vladimir-web
Volibear*,volibear
Warwick*,warwick
MonkeyKing*,wukong
Xerath*,xerath
XinZhao*,xinzhao
Yasuo*,yasuo
Yorick*,yorick
Zac*,zac
Zed*,zed
Ziggs*,ziggs
Zilean*,zilean
Zyra*,zyra
