b_3_1,b-1-1
b_1_1,b-1-2
b_4_1,b-1-3
b_2_1,b-1-4
b_3_2,b-2-1
b_1_2,b-2-2
b_4_2,b-2-3
b_2_2,b-2-4
b_3_3,b-3-1
b_1_3,b-3-2
b_4_3,b-3-3
b_2_3,b-3-4
bl_3_1,q-1-1
bl_1_1,q-1-2
bl_4_1,q-1-3
bl_2_1,q-1-4
bl_3_2,q-2-1
bl_1_2,q-2-2
bl_4_2,q-2-3
bl_2_2,q-2-4
bl_3_3,q-3-1
bl_1_3,q-3-2
bl_4_3,q-3-3
bl_2_3,q-3-4
r_3_1,r-1-1
r_1_1,r-1-2
r_4_1,r-1-3
r_2_1,r-1-4
r_3_2,r-2-1
r_1_2,r-2-2
r_4_2,r-2-3
r_2_2,r-2-4
r_3_3,r-3-1
r_1_3,r-3-2
r_4_3,r-3-3
r_2_3,r-3-4
y_3_1,s-1-1
y_1_1,s-1-2
y_4_1,s-1-3
y_3_2,s-2-1
y_1_2,s-2-2
y_4_2,s-2-3
y_3_3,s-3-1
y_1_3,s-3-2
y_4_3,s-3-3
5369,old-5369
5370,old-5370
5371,old-5371
5372,old-5372
5373,old-5373
5374,old-5374
8007,old-8007
8008,old-8008
8009,old-8009
8010,old-8010
8011,old-8011
8012,old-8012
8013,old-8013
8014,old-8014
8015,old-8015
8016,old-8016
8017,old-8017
8018,old-8018
8019,old-8019
8020,old-8020
8021,old-8021
8022,old-8022
8023,old-8023
8024,old-8024
8025,old-8025
8026,old-8026
8027,old-8027
8028,old-8028
8029,old-8029
8030,old-8030
8031,old-8031
8032,old-8032
8033,old-8033
8034,old-8034
rune_blue,old-rune-blue
rune_purple,old-rune-purple
rune_red,old-rune-red
rune_yellow,old-rune-yellow
xmas09_8001,old-xmas09-8001
xmas09_8002,old-xmas09-8002
xmas09_8003,old-xmas09-8003
xmas09_8004,old-xmas09-8004
xmas09_8005,old-xmas09-8005
xmas09_8006,old-xmas09-8006
y_2_1,old-y-2-1
y_2_2,old-y-2-2
y_2_3,old-y-2-3
