Alpha*,fenmore
Artificer*,petrus
Artist*,zeri
BloodMage*,viyana
creature*,vex
Dancer*,ashabel
DeepOne*,viridian
Desecrator*,desecrator
Doll*,mina
Dreamer*,dibs
Druid*,marah
Enforcer*,basko
Golem*,faris
Guardian*,raina
Gunman*,varion
HighHuntress*,nissa
KingOfMasks*,kingofmasks
loreMaster*,zalgus
merchant*Princess*,mikella
Otter*,moya
Penitent*,salous
Raider*,kahgen
Savage*,kensu
sculptor*,renzo
ShadowAssassin*,kindra
Shepherd*,kel
SkyCaptain*,tess
SnowQueen*,sakari
Survivor*,freia
TidalQueen*,amarynth
Warden*,cerulean
warlockKnight*,voluc
HuTank*,hutank
Planeswalker*,planeswalker
Outlaw*,outlaw
