ace_ability_01_icon.tga.3,ace-q
ace_ability_02_icon.tga.3,ace-w
ace_ability_03_icon.tga.3,ace-e
ace_ability_04_icon.tga.3,ace-r
bandito_ability_01_icon.tga.3,bandito-q
bandito_ability_02_icon.tga.3,bandito-w
bandito_ability_03_icon.tga.3,bandito-e
bandito_ability_04_icon.tga.3,bandito-r
bandito_ability_04_icon_b.tga.3,bandito-r-1
bandito_ability_04_icon_off.tga.3,bandito-r-2
bastion_ability_01_icon.tga.3,bastion-q
bastion_ability_02_icon.tga.3,bastion-w
bastion_ability_03_icon.tga.3,bastion-e
bastion_ability_04_icon.tga.3,bastion-r
blazer_ability_01_icon.tga.3,blazer-q
blazer_ability_01_icon2.tga.3,blazer-q-2
blazer_ability_02_icon.tga.3,blazer-w
blazer_ability_03_icon.tga.3,blazer-e
blazer_ability_04_icon.tga.3,blazer-r
blazer_ability_04_minimap_icon.tga.3,blazer-r-alt
bo_ability_01_icon.tga.3,bo-q
bo_ability_02_icon.tga.3,bo-w
bo_ability_03_icon.tga.3,bo-e
bo_ability_04_icon.tga.3,bo-r
bounder_ability_01_icon.tga.3,bounder-q
bounder_ability_01_passive_icon.tga.3,bounder-q-2
bounder_ability_02_icon.tga.3,bounder-w
bounder_ability_03_icon.tga.3,bounder-e
buford_ability_01_icon.tga.3,buford-q
buford_ability_02_icon.tga.3,buford-w
buford_ability_03_icon.tga.3,buford-e
buford_ability_04_icon.tga.3,buford-r
caprice_ability_01_icon.tga.3,caprice-q
caprice_ability_02_icon.tga.3,caprice-w
caprice_ability_03_icon.tga.3,caprice-e
caprice_ability_04_icon.tga.3,caprice-r
carter_ability_01_icon.tga.3,carter-q
carter_ability_02_icon.tga.3,carter-w
carter_ability_03_icon.tga.3,carter-e
carter_ability_04_icon.tga.3,carter-r
chester_ability_01_icon.tga.3,chester-q
chester_ability_02_icon.tga.3,chester-w
chester_ability_03_icon.tga.3,chester-e
chester_ability_04_icon.tga.3,chester-r
claudessa_ability_01_icon.tga.3,claudessa-q
claudessa_ability_02_icon.tga.3,claudessa-w
claudessa_ability_03_icon.tga.3,claudessa-e
claudessa_ability_04_icon.tga.3,claudessa-r
eanu_ability_01_icon.tga.3,eanu-q
eanu_ability_02_icon.tga.3,eanu-w
eanu_ability_03_icon.tga.3,eanu-e
eanu_ability_03_icon_b.tga.3,eanu-e-2
eanu_ability_04_icon.tga.3,eanu-r
fetterstone_ability_01_icon.tga.3,fetterstone-q
fetterstone_ability_02_icon.tga.3,fetterstone-w
fetterstone_ability_03_icon.tga.3,fetterstone-e
fetterstone_ability_04_icon.tga.3,fetterstone-r
fiki_ability_01_icon.tga.3,fiki-q
fiki_ability_02_icon.tga.3,fiki-w
fiki_ability_03_icon.tga.3,fiki-e
flak_ability_01_icon.tga.3,flak-q
flak_ability_01_icon2.tga.3,flak-q-2
flak_ability_02_icon.tga.3,flak-w
flak_ability_03_icon.tga.3,flak-e
flak_ability_04_icon.tga.3,flak-r
flak_ability_04_icon2.tga.3,flak-r-2
ganker_ability_01_icon.tga.3,ganker-q
ganker_ability_02_icon.tga.3,ganker-w
ganker_ability_03_icon.tga.3,ganker-e
gokong_ability_01_icon.tga.3,gokong-q
gokong_ability_02_icon.tga.3,gokong-w
gokong_ability_03_icon.tga.3,gokong-e
gokong_ability_04_icon.tga.3,gokong-r
gokong_ability_04_icon_b.tga.3,gokong-r-2
hale_ability_01_icon.tga.3,hale-q
hale_ability_02_icon.tga.3,hale-w
hale_ability_03_icon.tga.3,hale-e
hale_ability_04_icon.tga.3,hale-r
harrower_ability_01_icon.tga.3,harrower-q
harrower_ability_02_icon.tga.3,harrower-w
harrower_ability_03_icon.tga.3,harrower-e
harrower_ability_03_minimap_icon.tga.3,harrower-e-alt
harrower_ability_04_icon.tga.3,harrower-r
harrower_ability_04_icon_b.tga.3,harrower-r-2
iah_ability_01_icon.tga.3,iah-q
iah_ability_02_icon.tga.3,iah-w
iah_ability_03_icon.tga.3,iah-e
iah_ability_04_icon.tga.3,iah-r
jinshe_ability_01_icon.tga.3,jinshe-q
jinshe_ability_02_icon.tga.3,jinshe-w
jinshe_ability_03_icon.tga.3,jinshe-e
jinshe_ability_04_icon.tga.3,jinshe-r
lady_tinder_ability_01_icon.tga.3,lady-tinder-q
lady_tinder_ability_02_icon.tga.3,lady-tinder-w
lady_tinder_ability_03_icon.tga.3,lady-tinder-e
lady_tinder_ability_04_icon.tga.3,lady-tinder-r
luster_ability_01_icon.tga.3,luster-q
luster_ability_01_passive_icon.tga.3,luster-q-2
luster_ability_02_icon.tga.3,luster-w
luster_ability_03_icon.tga.3,luster-e
malady_ability_01_icon.tga.3,malady-q
malady_ability_02_icon.tga.3,malady-w
malady_ability_03_icon.tga.3,malady-e
malady_ability_04_icon.tga.3,malady-r
midknight_ability_01_icon.tga.3,midknight-q
midknight_ability_02_icon.tga.3,midknight-w
midknight_ability_03_icon.tga.3,midknight-e
midknight_ability_04_icon.tga.3,midknight-r
minerva_ability_01_icon.tga.3,minerva-q
minerva_ability_02_icon.tga.3,minerva-w
minerva_ability_03_icon.tga.3,minerva-e
minerva_ability_04_icon.tga.3,minerva-r
moxie_ability_01_icon.tga.3,moxie-q
moxie_ability_02_icon.tga.3,moxie-w
moxie_ability_03_icon.tga.3,moxie-e
moxie_ability_04_icon.tga.3,moxie-r
mystik_ability_01_icon.tga.3,mystik-q
mystik_ability_01_passive2_icon.tga.3,mystik-q-2
mystik_ability_02_icon.tga.3,mystik-w
mystik_ability_03_icon.tga.3,mystik-e
nikolai_ability_01_icon.tga.3,nikolai-q
nikolai_ability_02_icon.tga.3,nikolai-w
nikolai_ability_03_icon.tga.3,nikolai-e
nikolai_ability_04_icon.tga.3,nikolai-r
owl_ability_01_icon.tga.3,owl-q
owl_ability_02_icon.tga.3,owl-w
owl_ability_03_icon.tga.3,owl-e
pincer_ability_01_icon.tga.3,pincer-q
pincer_ability_01_passive_icon.tga.3,pincer-q-2
pincer_ability_02_icon.tga.3,pincer-w
pincer_ability_03_icon.tga.3,pincer-e
pusher_ability_01_icon.tga.3,pusher-q
pusher_ability_02_icon.tga.3,pusher-w
pusher_ability_03_icon.tga.3,pusher-e
ray_ability_01_icon.tga.3,ray-q
ray_ability_02_icon.tga.3,ray-w
ray_ability_03_icon.tga.3,ray-e
ray_ability_04_icon.tga.3,ray-r
razer_ability_01_icon.tga.3,razer-q
razer_ability_01_passive_icon.tga.3,razer-q-2
razer_ability_02_icon.tga.3,razer-w
razer_ability_03_icon.tga.3,razer-e
rip_ability_01_icon.tga.3,rip-q
rip_ability_02_icon.tga.3,rip-w
rip_ability_03_icon.tga.3,rip-e
rip_ability_03_icon_b.tga.3,rip-e-2
rip_ability_04_icon.tga.3,rip-r
rook_ability_01_icon.tga.3,rook-q
rook_ability_01_icon_b.tga.3,rook-q-2
rook_ability_02_icon.tga.3,rook-w
rook_ability_03_icon.tga.3,rook-e
rook_ability_04_icon.tga.3,rook-r
shank_ability_01_icon.tga.3,shank-q
shank_ability_02_icon.tga.3,shank-w
shank_ability_03_icon.tga.3,shank-e
shank_ability_04_icon.tga.3,shank-r
tinker_ability_01_icon.tga.3,tinker-q
tinker_ability_02_icon.tga.3,tinker-w
tinker_ability_03_icon.tga.3,tinker-e
topps_ability_01_icon.tga.3,topps-q
topps_ability_01_passive_icon.tga.3,topps-q-2
topps_ability_02_icon.tga.3,topps-w
topps_ability_03_icon.tga.3,topps-e
tortus_ability_01_icon.tga.3,tortus-q
tortus_ability_01_passive_icon.tga.3,tortus-q-2
tortus_ability_02_icon.tga.3,tortus-w
tortus_ability_03_icon.tga.3,tortus-e
trace_ability_01_icon.tga.3,trace-q
trace_ability_02_icon.tga.3,trace-w
trace_ability_03_icon.tga.3,trace-e
trace_ability_03_icon2.tga.3,trace-e-2
trace_ability_04_icon.tga.3,trace-r
trixie_ability_01_icon.tga.3,trixie-q
trixie_ability_02_icon.tga.3,trixie-w
trixie_ability_03_icon.tga.3,trixie-e
trixie_ability_04_icon.tga.3,trixie-r
vermillion_ability_01_icon.tga.3,vermillion-q
vermillion_ability_02_icon.tga.3,vermillion-w
vermillion_ability_03_icon.tga.3,vermillion-e
vermillion_ability_04_icon.tga.3,vermillion-r
vex_ability_01_icon.tga.3,vex-q
vex_ability_02_icon.tga.3,vex-w
vex_ability_03_icon.tga.3,vex-e
vex_ability_04_icon.tga.3,vex-r
zaku_ability_01_icon.tga.3,zaku-q
zaku_ability_02_icon.tga.3,zaku-w
zaku_ability_03_icon.tga.3,zaku-e
zaku_ability_03_icon_minimap.tga.3,zaku-e-alt
zaku_ability_04_icon.tga.3,zaku-r
