bounder_model_1_icon.tga.3,bounder_chibi
bounder_model_2_icon.tga.3,bounder_normal
bounder_model_3_icon.tga.3,bounder_gosu
fiki_model_1_icon.tga.3,fiki_chibi
fiki_model_2_icon.tga.3,fiki_normal
fiki_model_3_icon.tga.3,fiki_gosu
ganker_model_1_icon.tga.3,ganker_chibi
ganker_model_2_icon.tga.3,ganker_normal
ganker_model_3_icon.tga.3,ganker_gosu
luster_model_1_icon.tga.3,luster_chibi
luster_model_2_icon.tga.3,luster_normal
luster_model_3_icon.tga.3,luster_gosu
mystik_model_1_icon.tga.3,mystik_chibi
mystik_model_2_icon.tga.3,mystik_normal
mystik_model_3_icon.tga.3,mystik_gosu
owl_model_1_icon.tga.3,owl_chibi
owl_model_2_icon.tga.3,owl_normal
owl_model_3_icon.tga.3,owl_gosu
pincer_model_1_icon.tga.3,pincer_chibi
pincer_model_2_icon.tga.3,pincer_normal
pincer_model_3_icon.tga.3,pincer_gosu
pusher_model_1_icon.tga.3,pusher_chibi
pusher_model_2_icon.tga.3,pusher_normal
pusher_model_3_icon.tga.3,pusher_gosu
razer_model_1_icon.tga.3,razer_chibi
razer_model_2_icon.tga.3,razer_normal
razer_model_3_icon.tga.3,razer_gosu
tinker_model_1_icon.tga.3,tinker_chibi
tinker_model_2_icon.tga.3,tinker_normal
tinker_model_3_icon.tga.3,tinker_gosu
topps_model_1_icon.tga.3,topps_chibi
topps_model_2_icon.tga.3,topps_normal
topps_model_3_icon.tga.3,topps_gosu
tortus_model_1_icon.tga.3,tortus_chibi
tortus_model_2_icon.tga.3,tortus_normal
tortus_model_3_icon.tga.3,tortus_gosu
