T_Agni_Default_Icon,agni
T_AMC_Default_Icon,ah-muzen-cab
T_Anhur_Default_Icon,anhur
T_Anubis_Default_Icon,anubis
T_AoKuang_Default_Icon,ao-kuang
T_Aphrodite_Default_Icon,aphrodite
T_Apollo_Default_Icon,apollo
T_Arachne_Default_Icon,arachne
T_Ares_Default_Icon,ares
T_Artemis_Default_Icon,artemis
T_Athena_Default_Icon,athena
T_Bacchus_Default_Icon,bacchus
T_Bakasura_Default_Icon,bakasura
T_Bastet_Default_Icon,bastet
T_Cabrakan_Default_Icon,cabrakan
T_Chaac_Default_Icon,chaac
T_ChangE_Default_Icon,change
T_Chronos_Default_Icon,chronos
T_Cupid_Default_Icon,cupid
T_Fenrir_Default_Icon,fenrir
T_Freya_Default_Icon,freya
T_Geb_Default_Icon,geb
T_GuanYu_Default_Icon,guan-yu
T_Hades_Default_Icon,hades
T_HeBo_Default_Icon,he-bo
T_Hel_Default_Icon,hel
T_Hercules_Default_Icon,hercules
T_HunBatz_Default_Icon,hun-batz
T_Isis_Default_Icon,isis
T_Janus_Default_Icon,janus
T_Kali_Default_Icon,kali
T_Kumbhakarna_Default_Icon,kumbhakarna
T_Loki_Default_Icon,loki
T_Manticore_Default_Icon,manticore
T_Mercury_Default_Icon,mercury
T_Neith_Default_Icon,ne-zha
T_Nemesis_Default_Icon,neith
T_NeZha_Default_Icon,nemesis
T_NuWa_Default_Icon,nu-wa
T_Odin_Default_Icon,odin
T_Osiris_Default_Icon,osiris
T_Poseidon_Default_Icon,poseidon
T_Ra_Default_Icon,ra
T_Ram_Default_Icon,ram
T_Scylla_Default_Icon,scylla
T_Serqet_Default_Icon,serqet
T_Sobek_Default_Icon,sobek
T_SunWukong_Default_Icon,sun-wukong
T_Thanatos_Default_Icon,thanatos
T_Thor_Default_Icon,thor
T_Tyr_Default_Icon,tyr
T_Ullr_Default_Icon,ullr
T_Vamana_Default_Icon,vamana
T_VIP_Default_Icon,vip
T_Vulcan_Default_Icon,vulcan
T_Xbalanque_Default_Icon,xbalanque
T_Ymir_Default_Icon,ymir
T_Zeus_Default_Icon,zeus
T_ZhongKui_Default_Icon,zhong-kui
