btn-armor-general-blank,general-blank
btn-ability-kerrigan-abilityefficiency,kerrigan-abilityefficiency
btn-ability-kerrigan-apocalypse,kerrigan-apocalypse
btn-ability-kerrigan-automatedextractors,kerrigan-automatedextractors
btn-ability-kerrigan-broodlingnest,kerrigan-broodlingnest
btn-ability-kerrigan-chainreaction,kerrigan-chainreaction
btn-ability-kerrigan-crushinggrip,kerrigan-crushinggrip
btn-ability-kerrigan-droppods,kerrigan-droppods
btn-ability-kerrigan-fury,kerrigan-fury
btn-ability-kerrigan-heroicfortitude,kerrigan-heroicfortitude
btn-ability-kerrigan-improvedoverlords,kerrigan-improvedoverlords
btn-ability-kerrigan-kineticblast,kerrigan-kineticblast
btn-ability-kerrigan-leapingstrike,kerrigan-leapingstrike
btn-ability-kerrigan-malignantcreep,kerrigan-malignantcreep
btn-ability-kerrigan-psychicshift,kerrigan-psychicshift
btn-ability-kerrigan_revive,kerrigan-revive-2
btn-ability-kerrigan-revive,kerrigan-revive
btn-ability-kerrigan-twindrones,kerrigan-twindrones
btn-ability-kerrigan-vespeneefficiency,kerrigan-vespeneefficiency
btn-ability-kerrigan-wildmutation,kerrigan-wildmutation
btn-ability-kerrigan-zerglingreconstitution,kerrigan-zerglingreconstitution
btn-ability-neutral-ursadonleap,neutral-ursadonleap
btn-ability-protoss-arcshield,protoss-arcshield
btn-ability-protoss-arguslink,protoss-arguslink
btn-ability-protoss-blackhole,protoss-blackhole
btn-ability-protoss-blackhole-color,protoss-blackhole-color
btn-ability-protoss-blink,protoss-blink
btn-ability-protoss-blink-color,protoss-blink-color
btn-ability-protoss-blink-zeratul,protoss-blink-zeratul
btn-armor-protoss-buildingplating,protoss-buildingplating
btn-ability-protoss-charge,protoss-charge
btn-ability-protoss-charge-color,protoss-charge-color
btn-ability-protoss-chronoboost,protoss-chronoboost
btn-ability-protoss-cliffwalk,protoss-cliffwalk
btn-ability-protoss-cliffwalk-color,protoss-cliffwalk-color
btn-ability-protoss-cloakfield,protoss-cloakfield
btn-ability-protoss-cloakfield-color,protoss-cloakfield-color
btn-ability-protoss-energize,protoss-energize
btn-ability-protoss-entomb,protoss-entomb
btn-ability-protoss-envision,protoss-envision
btn-ability-protoss-feedback,protoss-feedback
btn-ability-protoss-feedback-color,protoss-feedback-color
btn-ability-protoss-forcefield,protoss-forcefield
btn-ability-protoss-forcefield-color,protoss-forcefield-color
btn-ability-protoss-gather,protoss-gather
btn-ability-protoss-gravitonbeam,protoss-gravitonbeam
btn-ability-protoss-gravitonbeam-color,protoss-gravitonbeam-color
btn-armor-protoss-ground,protoss-ground
btn-ability-protoss-hallucination,protoss-hallucination
btn-ability-protoss-hallucination-color,protoss-hallucination-color
btn-ability-protoss-hardenedshields,protoss-hardenedshields
btn-ability-protoss-hardenedshields-color,protoss-hardenedshields-color
btn-ability-protoss-invulnerabilityshield,protoss-invulnerabilityshield
btn-ability-protoss-massrecall,protoss-massrecall
btn-ability-protoss-oraclepulsarcannonoff,protoss-oraclepulsarcannonoff
btn-ability-protoss-oraclepulsarcannonon,protoss-oraclepulsarcannonon
btn-ability-protoss-permanentlycloaked-darktemplar,protoss-permanentlycloaked-darktemplar
btn-ability-protoss-permanentlycloaked-darktemplar-color,protoss-permanentlycloaked-darktemplar-color
btn-ability-protoss-permanentlycloaked-observer,protoss-permanentlycloaked-observer
btn-ability-protoss-permanentlycloaked-observer-color,protoss-permanentlycloaked-observer-color
btn-ability-protoss-permanentlycloaked_zeratul,protoss-permanentlycloaked-zeratul
btn-ability-protoss-phasemine-zeratul,protoss-phasemine-zeratul
btn-ability-protoss-phaseshift,protoss-phaseshift
btn-ability-protoss-phaseshift2,protoss-phaseshift2
btn-ability-protoss-planetcracker,protoss-planetcracker
btn-ability-protoss-preordain,protoss-preordain
btn-ability-protoss-prismaticbeam,protoss-prismaticbeam
btn-ability-protoss-prismaticbeam-color,protoss-prismaticbeam-color
btn-ability-protoss-protoncharge,protoss-protoncharge
btn-ability-protoss-protoncharge-color,protoss-protoncharge-color
btn-ability-protoss-psistorm,protoss-psistorm
btn-ability-protoss-psistorm-color,protoss-psistorm-color
btn-ability-protoss-psytrousoxideoff,protoss-psytrousoxideoff
btn-ability-protoss-psytrousoxideon,protoss-psytrousoxideon
btn-ability-protoss-purify,protoss-purify
btn-ability-protoss-replicate,protoss-replicate
btn-ability-protoss-shieldbattery,protoss-shieldbattery
btn-ability-protoss-shieldbattery-color,protoss-shieldbattery-color
btn-ability-protoss-timebomb,protoss-timebomb
btn-ability-protoss-timewarp,protoss-timewarp
btn-ability-protoss-voidrayprismaticalignment,protoss-voidrayprismaticalignment
btn-ability-protoss-warmholetransit,protoss-warmholetransit
btn-ability-protoss-wormholetransit,protoss-wormholetransit
btn-ability-protoss-wormholetransit-color,protoss-wormholetransit-color
btn-ability-swarm-kerrigan-broodlingnest,swarm-kerrigan-broodlingnest
btn-ability-swarm-kerrigan-chainreaction,swarm-kerrigan-chainreaction
btn-ability-swarm-kerrigan-crushinggrip,swarm-kerrigan-crushinggrip
btn-ability-swarm-kerriganrevive,swarm-kerriganrevive
btn-ability-terran-activatemine,terran-activatemine
btn-ability-terran-armnuke,terran-armnuke
btn-ability-terran-battlefieldawareness,terran-battlefieldawareness
btn-ability-terran-bombardmentstrike,terran-bombardmentstrike
btn-ability-terran-bombardmentstrike-color,terran-bombardmentstrike-color
btn-ability-terran-calldownextrasupplies,terran-calldownextrasupplies
btn-ability-terran-calldownextrasupplies-color,terran-calldownextrasupplies-color
btn-ability-terran-chronoriftdevice,terran-chronoriftdevice
btn-ability-terran-cloak,terran-cloak
btn-ability-terran-cloak-color,terran-cloak-color
btn-ability-terran-d8charge,terran-d8charge
btn-ability-terran-deactivatemine,terran-deactivatemine
btn-ability-terran-decloak,terran-decloak
btn-ability-terran-decloak-color,terran-decloak-color
btn-ability-terran-defensivematrix,terran-defensivematrix
btn-ability-terran-electricfield,terran-electricfield
btn-ability-terran-emergencythrusters,terran-emergencythrusters
btn-ability-terran-emp,terran-emp
btn-ability-terran-emp-color,terran-emp-color
btn-ability-terran-experiencedplasmagun,terran-experiencedplasmagun
btn-ability-terran-gather,terran-gather
btn-ability-terran-haleoflead,terran-haleoflead
btn-ability-terran-haywiremissile,terran-haywiremissile
btn-ability-terran-heal,terran-heal
btn-ability-terran-heal-color,terran-heal-color
btn-ability-terran-holdfire,terran-holdfire
btn-ability-terran-huntermissile,terran-huntermissile
btn-ability-terran-huntermissile-color,terran-huntermissile-color
btn-ability-terran-hurricane,terran-hurricane
btn-ability-terran-ignorearmor,terran-ignorearmor
btn-ability-terran-jetpack,terran-jetpack
btn-ability-terran-jetpack-color,terran-jetpack-color
btn-ability-terran-land,terran-land
btn-ability-terran-liftoff,terran-liftoff
btn-ability-terran-load,terran-load
btn-ability-terran-microfiltering,terran-microfiltering
btn-ability-terran-nuclearstrike,terran-nuclearstrike
btn-ability-terran-nuclearstrike-color,terran-nuclearstrike-color
btn-ability-terran-penetratorround,terran-penetratorround
btn-ability-terran-perditionturret,terran-perditionturret
btn-ability-terran-pointdefenselaser,terran-pointdefenselaser
btn-ability-terran-punishergrenade,terran-punishergrenade
btn-ability-terran-punishergrenade-color,terran-punishergrenade-color
btn-ability-terran-redlinereactor,terran-redlinereactor
btn-ability-terran-repair,terran-repair
btn-ability-terran-salvage,terran-salvage
btn-ability-terran-scannersweep,terran-scannersweep
btn-ability-terran-scannersweep-color,terran-scannersweep-color
btn-ability-terran-setrallypoint,terran-setrallypoint
btn-ability-terran-slow,terran-slow
btn-ability-terran-snipe,terran-snipe
btn-ability-terran-snipe-color,terran-snipe-color
btn-ability-terran-stimpack,terran-stimpack
btn-ability-terran-stimpack-color,terran-stimpack-color
btn-ability-terran-unloadall,terran-unloadall
btn-ability-terran-unstablepayload,terran-unstablepayload
btn-ability-terran-warpjump,terran-warpjump
btn-ability-terran-weaponsfree,terran-weaponsfree
btn-ability-terran-yamatogun,terran-yamatogun
btn-ability-terran-yamatogun-color,terran-yamatogun-color
btn-ability-zerg-abduct,zerg-abduct
btn-ability-zerg-advancedmutation,zerg-advancedmutation
btn-ability-zerg-armoraura,zerg-armoraura
btn-ability-zerg-attackstructure,zerg-attackstructure
btn-ability-zerg-attackstructure-color,zerg-attackstructure-color
btn-ability-zerg-banelingspooge,zerg-banelingspooge
btn-ability-zerg-basicmutation,zerg-basicmutation
btn-ability-zerg-blindingcloud,zerg-blindingcloud
btn-armor-zerg-building,zerg-building
btn-ability-zerg-burrow,zerg-burrow
btn-ability-zerg-burrow-color,zerg-burrow-color
btn-ability-zerg-carrybiomass,zerg-carrybiomass
btn-ability-zerg-cliffjump-baneling,zerg-cliffjump-baneling
btn-ability-zerg-cliffjump-zergling,zerg-cliffjump-zergling
btn-ability-zerg-consume,zerg-consume
btn-ability-zerg-contaminaite,zerg-contaminaite
btn-ability-zerg-contaminate-color,zerg-contaminate-color
btn-ability-zerg-corrosiveblast,zerg-corrosiveblast
btn-ability-zerg-corruption,zerg-corruption
btn-ability-zerg-corruption-color,zerg-corruption-color
btn-ability-zerg-corruption_multi,zerg-corruption-multi-2
btn-ability-zerg-corruption-multi,zerg-corruption-multi
btn-ability-zerg-creepmove,zerg-creepmove
btn-ability-zerg-creepspread,zerg-creepspread
btn-ability-zerg-debilitatingbile,zerg-debilitatingbile
btn-ability-zerg-deeptunnel,zerg-deeptunnel
btn-ability-zerg-dehakacliffjump,zerg-dehakacliffjump
btn-ability-zerg-dehakaspawn,zerg-dehakaspawn
btn-ability-zerg-disguise,zerg-disguise
btn-ability-zerg-drag,zerg-drag
btn-ability-zerg-explode,zerg-explode
btn-ability-zerg-explode-color,zerg-explode-color
btn-ability-zerg-frenzied,zerg-frenzied
btn-ability-zerg-frenzied-color,zerg-frenzied-color
btn-ability-zerg-frenzy,zerg-frenzy
btn-ability-zerg-fungalgrowth,zerg-fungalgrowth
btn-ability-zerg-fungalgrowth-color,zerg-fungalgrowth-color
btn-ability-zerg-gather,zerg-gather
btn-ability-zerg-generatecreep,zerg-generatecreep
btn-ability-zerg-generatecreep-color,zerg-generatecreep-color
btn-ability-zerg-generatecreepstop,zerg-generatecreepstop
btn-ability-zerg-generatecreepstop-color,zerg-generatecreepstop-color
btn-ability-zerg-growth,zerg-growth
btn-ability-zerg-harvestcorpse,zerg-harvestcorpse
btn-ability-zerg-infestationsource,zerg-infestationsource
btn-ability-zerg-leech,zerg-leech
btn-ability-zerg-neuralparasite,zerg-neuralparasite
btn-ability-zerg-neuralparasite-color,zerg-neuralparasite-color
btn-ability-zerg-noxiouscloud,zerg-noxiouscloud
btn-ability-zerg-parasiticinvasion,zerg-parasiticinvasion
btn-ability-zerg-plague,zerg-plague
btn-ability-zerg-poisonnova,zerg-poisonnova
btn-ability-zerg-rapidregeneration,zerg-rapidregeneration
btn-ability-zerg-rapidregeneration-color,zerg-rapidregeneration-color
btn-ability-zerg-regenaura,zerg-regenaura
btn-ability-zerg-root,zerg-root
btn-ability-zerg-root-color,zerg-root-color
btn-ability-zerg-setworkerrallypoint,zerg-setworkerrallypoint
btn-ability-zerg-siphon,zerg-siphon
btn-ability-zerg-sporecloud,zerg-sporecloud
btn-ability-zerg-swamseeds,zerg-swamseeds
btn-ability-zerg-swarmhost_root,zerg-swarmhost-root
btn-ability-zerg-swarmhost_unroot,zerg-swarmhost-unroot
btn-ability-zerg-swarmseeds,zerg-swarmseeds
btn-ability-zerg-swarmseeds-color,zerg-swarmseeds-color
btn-ability-zerg-towering,zerg-towering
btn-ability-zerg-transfusion,zerg-transfusion
btn-ability-zerg-transfusion-color,zerg-transfusion-color
btn-ability-zerg-ultralisk-revive,zerg-ultralisk-revive
btn-ability-zerg-unburrow,zerg-unburrow
btn-ability-zerg-upburrow-color,zerg-upburrow-color
btn-ability-zerg-uproot,zerg-uproot
btn-ability-zerg-uproot-color,zerg-uproot-color
btn-ability-zerg-viper-ocularparasite,zerg-viper-ocularparasite
