btn-unit-protoss-archon,protoss-archon
btn-unit-protoss-carrier,protoss-carrier
btn-unit-protoss-colossus,protoss-colossus
btn-unit-protoss-darktemplar,protoss-darktemplar
btn-unit-protoss-frigate,protoss-frigate
btn-unit-protoss-hightemplar,protoss-hightemplar
btn-unit-protoss-immortal,protoss-immortal
btn-unit-protoss-interceptor,protoss-interceptor
btn-unit-protoss-mothership,protoss-mothership
btn-unit-protoss-mothershipcore,protoss-mothershipcore
btn-unit-protoss-nullifier,protoss-nullifier
btn-unit-protoss-observer,protoss-observer
btn-unit-protoss-oracle,protoss-oracle
btn-unit-protoss-phaseprism,protoss-phaseprism
btn-unit-protoss-phaseprismstationary,protoss-phaseprismstationary
btn-unit-protoss-phoenix,protoss-phoenix
btn-unit-protoss-probe,protoss-probe
btn-unit-protoss-purifier,protoss-purifier
btn-unit-protoss-replicant,protoss-replicant
btn-unit-protoss-sentry,protoss-sentry
btn-unit-protoss-stalker,protoss-stalker
btn-unit-protoss-tempest,protoss-tempest
btn-unit-protoss-warpprism,protoss-warpprism
btn-unit-protoss-warpprismstationary,protoss-warpprismstationary
btn-unit-protoss-warpray,protoss-warpray
btn-unit-protoss-zealot,protoss-zealot
btn-unit-targetingdrone,targetingdrone
btn-unit-terran-banshee,terran-banshee
btn-unit-terran-battlecruiser,terran-battlecruiser
btn-unit-terran-cerberus,terran-cerberus
btn-unit-terran-cobra,terran-cobra
btn-unit-terran-deathhead,terran-deathhead
btn-unit-terran-diamondback,terran-diamondback
btn-unit-terran-dropship,terran-dropship
btn-unit-terran-firebat,terran-firebat
btn-unit-terran-ghost,terran-ghost
btn-unit-terran-gorgonbattlecruiser,terran-gorgonbattlecruiser
btn-unit-terran-griffon,terran-griffon
btn-unit-terran-hellion,terran-hellion
btn-unit-terran-hellionbattlemode,terran-hellionbattlemode
btn-unit-terran-hellionmercenary,terran-hellionmercenary
btn-unit-terran-hurcules,terran-hurcules
btn-unit-terran-hyperion,terran-hyperion
btn-unit-terran-jackal,terran-jackal
btn-unit-terran-marauder,terran-marauder
btn-unit-terran-marine,terran-marine
btn-unit-terran-medicelite,terran-medicelite
btn-unit-terran-medicmercenary,terran-medicmercenary
btn-unit-terran-medivac,terran-medivac
btn-unit-terran-mule,terran-mule
btn-unit-terran-nomad,terran-nomad
btn-unit-terran-outbackhunter,terran-outbackhunter
btn-unit-terran-raven,terran-raven
btn-unit-terran-reaper,terran-reaper
btn-unit-terran-reapermercenary,terran-reapermercenary
btn-unit-terran-scv,terran-scv
btn-unit-terran-shredder,terran-shredder
btn-unit-terran-shredderirradiate,terran-shredderirradiate
btn-unit-terran-siegetank,terran-siegetank
btn-unit-terran-siegetanksiegemode,terran-siegetanksiegemode
btn-unit-terran-tacfighter,terran-tacfighter
btn-unit-terran-targetingdrone,terran-targetingdrone
btn-unit-terran-thor,terran-thor
btn-unit-terran-thorsiegemode,terran-thorsiegemode
btn-unit-terran-valerianmengsk,terran-valerianmengsk
btn-unit-terran-valkyrie,terran-valkyrie
btn-unit-terran-viking,terran-viking
btn-unit-terran-vikingarchangel,terran-vikingarchangel
btn-unit-terran-vikingassault,terran-vikingassault
btn-unit-terran-vikingfighter,terran-vikingfighter
btn-unit-terran-vulture,terran-vulture
btn-unit-terran-warhound,terran-warhound
btn-unit-terran-widowmine,terran-widowmine
btn-unit-zerg-baneling,zerg-baneling
btn-unit-zerg-baneling-hunter,zerg-baneling-hunter
btn-unit-zerg-brakk,zerg-brakk
btn-unit-zerg-broodlord,zerg-broodlord
btn-unit-zerg-broodqueen,zerg-broodqueen
btn-unit-zerg-changeling,zerg-changeling
btn-unit-zerg-corruptedmass,zerg-corruptedmass
btn-unit-zerg-corruptor,zerg-corruptor
btn-unit-zerg-dehaka,zerg-dehaka
btn-unit-zerg-dehakaspawn,zerg-dehakaspawn
btn-unit-zerg-drone,zerg-drone
btn-unit-zerg-egg,zerg-egg
btn-unit-zerg-finalboss,zerg-finalboss
btn-unit-zerg-hydralisk,zerg-hydralisk
btn-unit-zerg-hydralisk-impaler,zerg-hydralisk-impaler
btn-unit-zerg-hydralisk-lurker,zerg-hydralisk-lurker
btn-unit-zerg-impaler,zerg-impaler
btn-unit-zerg-infestedmarine,zerg-infestedmarine
btn-unit-zerg-infestedmarineegg,zerg-infestedmarineegg
btn-unit-zerg-infestor,zerg-infestor
btn-unit-zerg-kerriganghost,zerg-kerriganghost
btn-unit-zerg-kerriganinfested,zerg-kerriganinfested
btn-unit-zerg-kraith,zerg-kraith
btn-unit-zerg-larva,zerg-larva
btn-unit-zerg-larvalqueen,zerg-larvalqueen
btn-unit-zerg-locust,zerg-locust
btn-unit-zerg-locustflyer,zerg-locustflyer
btn-unit-zerg-lurker,zerg-lurker
btn-unit-zerg-mantalisk,zerg-mantalisk
btn-unit-zerg-mutalisk,zerg-mutalisk
btn-unit-zerg-mutalisk-broodlord,zerg-mutalisk-broodlord
btn-unit-zerg-mutalisk-viper,zerg-mutalisk-viper
btn-unit-zerg-narud,zerg-narud
btn-unit-zerg-nyduscreeptower,zerg-nyduscreeptower
btn-unit-zerg-nydusdestroyer,zerg-nydusdestroyer
btn-unit-zerg-nydusdragon,zerg-nydusdragon
btn-unit-zerg-omegalisk,zerg-omegalisk
btn-unit-zerg-overlord,zerg-overlord
btn-unit-zerg-overseer,zerg-overseer
btn-unit-zerg-primalguardian,zerg-primalguardian
btn-unit-zerg-primalhydralisk,zerg-primalhydralisk
btn-unit-zerg-primalmutalisk,zerg-primalmutalisk
btn-unit-zerg-primalroach,zerg-primalroach
btn-unit-zerg-primalultralisk,zerg-primalultralisk
btn-unit-zerg-primalzergling,zerg-primalzergling
btn-unit-zerg-queen,zerg-queen
btn-unit-zerg-quillgore,zerg-quillgore
btn-unit-zerg-ravasaur,zerg-ravasaur
btn-unit-zerg-roach,zerg-roach
btn-unit-zerg-roach-corpser,zerg-roach-corpser
btn-unit-zerg-roachlings,zerg-roachlings
btn-unit-zerg-roach-vile,zerg-roach-vile
btn-unit-zerg-slivan,zerg-slivan
btn-unit-zerg-slivanminion,zerg-slivanminion
btn-unit-zerg-splitterling,zerg-splitterling
btn-unit-zerg-stukov,zerg-stukov
btn-unit-zerg-swarmhost,zerg-swarmhost
btn-unit-zerg-swarmhost-carrion,zerg-swarmhost-carrion
btn-unit-zerg-swarmhost-creeper,zerg-swarmhost-creeper
btn-unit-zerg-symbiote,zerg-symbiote
btn-unit-zerg-tyrannozor,zerg-tyrannozor
btn-unit-zerg-ultralisk,zerg-ultralisk
btn-unit-zerg-ultralisk-noxious,zerg-ultralisk-noxious
btn-unit-zerg-ultralisk-torrasque,zerg-ultralisk-torrasque
btn-unit-zerg-viper,zerg-viper
btn-unit-zerg-yagdra,zerg-yagdra
btn-unit-zerg-zergling,zerg-zergling
btn-unit-zerg-zergling-raptor,zerg-zergling-raptor
btn-unit-zerg-zergling-swarmling,zerg-zergling-swarmling
btn-unit-zerg-zurvan,zerg-zurvan
